stars,avg_valence,avg_joy,avg_negative,coverage_rate,sample_size
1.0,-0.09678459349099248,0.31672690024321143,0.14396926787140085,0.7302383939774153,797
2.0,0.27393189585517624,0.5448070884571197,0.035245829723341414,0.8156822810590632,982
3.0,0.5349119761513954,0.6886516402496108,0.01904205747382256,0.842391304347826,5152
4.0,0.6815084520875913,0.7821773986864355,0.013318168144929478,0.8828463452852797,10849
5.0,0.7080881034092583,0.7838995717222755,0.010196584652672706,0.8597110400352929,9067
