weekday,sent_value
0,0.1221139950347163
1,0.12082206751902722
2,0.12777993962706943
3,0.10977906766068085
4,0.12292935655130777
5,0.12321699388173377
6,0.12378217527878571
